CREATE DATABASE  IF NOT EXISTS `nova_loja` /*!40100 DEFAULT CHARACTER SET utf8mb4 COLLATE utf8mb4_0900_ai_ci */;
USE `nova_loja`;
-- MySQL dump 10.13  Distrib 8.0.12, for Win64 (x86_64)
--
-- Host: localhost    Database: nova_loja
-- ------------------------------------------------------
-- Server version	8.0.12

/*!40101 SET @OLD_CHARACTER_SET_CLIENT=@@CHARACTER_SET_CLIENT */;
/*!40101 SET @OLD_CHARACTER_SET_RESULTS=@@CHARACTER_SET_RESULTS */;
/*!40101 SET @OLD_COLLATION_CONNECTION=@@COLLATION_CONNECTION */;
 SET NAMES utf8 ;
/*!40103 SET @OLD_TIME_ZONE=@@TIME_ZONE */;
/*!40103 SET TIME_ZONE='+00:00' */;
/*!40014 SET @OLD_UNIQUE_CHECKS=@@UNIQUE_CHECKS, UNIQUE_CHECKS=0 */;
/*!40014 SET @OLD_FOREIGN_KEY_CHECKS=@@FOREIGN_KEY_CHECKS, FOREIGN_KEY_CHECKS=0 */;
/*!40101 SET @OLD_SQL_MODE=@@SQL_MODE, SQL_MODE='NO_AUTO_VALUE_ON_ZERO' */;
/*!40111 SET @OLD_SQL_NOTES=@@SQL_NOTES, SQL_NOTES=0 */;

--
-- Table structure for table `brands`
--

DROP TABLE IF EXISTS `brands`;
/*!40101 SET @saved_cs_client     = @@character_set_client */;
 SET character_set_client = utf8mb4 ;
CREATE TABLE `brands` (
  `id` int(11) unsigned NOT NULL AUTO_INCREMENT,
  `name` varchar(100) NOT NULL DEFAULT '',
  PRIMARY KEY (`id`)
) ENGINE=InnoDB AUTO_INCREMENT=5 DEFAULT CHARSET=utf8;
/*!40101 SET character_set_client = @saved_cs_client */;

--
-- Dumping data for table `brands`
--

LOCK TABLES `brands` WRITE;
/*!40000 ALTER TABLE `brands` DISABLE KEYS */;
INSERT INTO `brands` VALUES (1,'LG'),(2,'Samsung'),(3,'AOC'),(4,'Apple');
/*!40000 ALTER TABLE `brands` ENABLE KEYS */;
UNLOCK TABLES;

--
-- Table structure for table `categories`
--

DROP TABLE IF EXISTS `categories`;
/*!40101 SET @saved_cs_client     = @@character_set_client */;
 SET character_set_client = utf8mb4 ;
CREATE TABLE `categories` (
  `id` int(11) unsigned NOT NULL AUTO_INCREMENT,
  `sub` int(11) DEFAULT NULL,
  `name` varchar(100) NOT NULL DEFAULT '',
  PRIMARY KEY (`id`)
) ENGINE=InnoDB AUTO_INCREMENT=19 DEFAULT CHARSET=utf8;
/*!40101 SET character_set_client = @saved_cs_client */;

--
-- Dumping data for table `categories`
--

LOCK TABLES `categories` WRITE;
/*!40000 ALTER TABLE `categories` DISABLE KEYS */;
INSERT INTO `categories` VALUES (6,NULL,'Monitor'),(14,NULL,'Som'),(15,14,'Headphones'),(16,14,'Microfones'),(17,15,'Com Fio'),(18,15,'Sem Fio');
/*!40000 ALTER TABLE `categories` ENABLE KEYS */;
UNLOCK TABLES;

--
-- Table structure for table `coupons`
--

DROP TABLE IF EXISTS `coupons`;
/*!40101 SET @saved_cs_client     = @@character_set_client */;
 SET character_set_client = utf8mb4 ;
CREATE TABLE `coupons` (
  `id` int(11) unsigned NOT NULL AUTO_INCREMENT,
  `name` varchar(100) NOT NULL DEFAULT '',
  `coupon_type` int(11) NOT NULL,
  `coupon_value` float NOT NULL,
  PRIMARY KEY (`id`)
) ENGINE=InnoDB DEFAULT CHARSET=utf8;
/*!40101 SET character_set_client = @saved_cs_client */;

--
-- Dumping data for table `coupons`
--

LOCK TABLES `coupons` WRITE;
/*!40000 ALTER TABLE `coupons` DISABLE KEYS */;
/*!40000 ALTER TABLE `coupons` ENABLE KEYS */;
UNLOCK TABLES;

--
-- Table structure for table `options`
--

DROP TABLE IF EXISTS `options`;
/*!40101 SET @saved_cs_client     = @@character_set_client */;
 SET character_set_client = utf8mb4 ;
CREATE TABLE `options` (
  `id` int(11) unsigned NOT NULL AUTO_INCREMENT,
  `name` varchar(100) NOT NULL DEFAULT '',
  PRIMARY KEY (`id`)
) ENGINE=InnoDB AUTO_INCREMENT=5 DEFAULT CHARSET=utf8;
/*!40101 SET character_set_client = @saved_cs_client */;

--
-- Dumping data for table `options`
--

LOCK TABLES `options` WRITE;
/*!40000 ALTER TABLE `options` DISABLE KEYS */;
INSERT INTO `options` VALUES (1,'Cor'),(2,'Tamanho'),(3,'Memória RAM'),(4,'Polegadas');
/*!40000 ALTER TABLE `options` ENABLE KEYS */;
UNLOCK TABLES;

--
-- Table structure for table `pages`
--

DROP TABLE IF EXISTS `pages`;
/*!40101 SET @saved_cs_client     = @@character_set_client */;
 SET character_set_client = utf8mb4 ;
CREATE TABLE `pages` (
  `id` int(11) unsigned NOT NULL AUTO_INCREMENT,
  `title` varchar(100) NOT NULL DEFAULT '',
  `body` text NOT NULL,
  PRIMARY KEY (`id`)
) ENGINE=InnoDB DEFAULT CHARSET=utf8;
/*!40101 SET character_set_client = @saved_cs_client */;

--
-- Dumping data for table `pages`
--

LOCK TABLES `pages` WRITE;
/*!40000 ALTER TABLE `pages` DISABLE KEYS */;
/*!40000 ALTER TABLE `pages` ENABLE KEYS */;
UNLOCK TABLES;

--
-- Table structure for table `products`
--

DROP TABLE IF EXISTS `products`;
/*!40101 SET @saved_cs_client     = @@character_set_client */;
 SET character_set_client = utf8mb4 ;
CREATE TABLE `products` (
  `id` int(11) unsigned NOT NULL AUTO_INCREMENT,
  `id_category` int(11) NOT NULL,
  `id_brand` int(11) NOT NULL,
  `name` varchar(100) NOT NULL DEFAULT '',
  `description` text,
  `stock` int(11) NOT NULL,
  `price` float NOT NULL,
  `price_from` float NOT NULL,
  `rating` float NOT NULL,
  `featured` tinyint(1) NOT NULL,
  `sale` tinyint(1) NOT NULL,
  `bestseller` tinyint(1) NOT NULL,
  `new_product` tinyint(1) NOT NULL,
  `options` varchar(200) DEFAULT NULL,
  PRIMARY KEY (`id`)
) ENGINE=InnoDB AUTO_INCREMENT=9 DEFAULT CHARSET=utf8;
/*!40101 SET character_set_client = @saved_cs_client */;

--
-- Dumping data for table `products`
--

LOCK TABLES `products` WRITE;
/*!40000 ALTER TABLE `products` DISABLE KEYS */;
INSERT INTO `products` VALUES (1,6,1,'Monitor 21 polegadas','Alguma descrição do produto.',10,499,599,0,0,1,1,0,'1,2,4'),(2,6,2,'Monitor 18 polegadas','Alguma outra descrição',10,399,999,2,0,1,1,0,'1,2'),(3,6,2,'Monitor 19 polegadas','Alguma outra descrição',10,599,699,0,0,0,0,1,'1,2'),(4,6,3,'Monitor 17 polegadas','Alguma outra descrição',10,3779,900,2,0,0,0,0,'1,4'),(5,6,1,'Monitor 20 polegadas','Alguma outra descrição',10,299,499,0,0,0,0,1,'1'),(6,6,3,'Monitor 20 polegadas','Alguma outra descrição',10,699,0,0,0,0,0,0,'1,2,4'),(7,6,3,'Monitor 19 polegadas','Alguma outra descrição',10,889,999,5,0,0,0,0,'2,4'),(8,6,1,'Monitor 18 polegadas','Alguma outra descrição',10,599,699,0,0,0,0,0,'4');
/*!40000 ALTER TABLE `products` ENABLE KEYS */;
UNLOCK TABLES;

--
-- Table structure for table `products_images`
--

DROP TABLE IF EXISTS `products_images`;
/*!40101 SET @saved_cs_client     = @@character_set_client */;
 SET character_set_client = utf8mb4 ;
CREATE TABLE `products_images` (
  `id` int(11) unsigned NOT NULL AUTO_INCREMENT,
  `id_product` int(11) NOT NULL,
  `url` varchar(50) NOT NULL DEFAULT '',
  PRIMARY KEY (`id`)
) ENGINE=InnoDB AUTO_INCREMENT=9 DEFAULT CHARSET=utf8;
/*!40101 SET character_set_client = @saved_cs_client */;

--
-- Dumping data for table `products_images`
--

LOCK TABLES `products_images` WRITE;
/*!40000 ALTER TABLE `products_images` DISABLE KEYS */;
INSERT INTO `products_images` VALUES (1,1,'1.jpg'),(2,2,'2.jpg'),(3,3,'3.jpg'),(4,4,'4.jpg'),(5,5,'1.jpg'),(6,6,'3.jpg'),(7,7,'7.jpg'),(8,8,'7.jpg');
/*!40000 ALTER TABLE `products_images` ENABLE KEYS */;
UNLOCK TABLES;

--
-- Table structure for table `products_options`
--

DROP TABLE IF EXISTS `products_options`;
/*!40101 SET @saved_cs_client     = @@character_set_client */;
 SET character_set_client = utf8mb4 ;
CREATE TABLE `products_options` (
  `id` int(11) unsigned NOT NULL AUTO_INCREMENT,
  `id_product` int(11) NOT NULL,
  `id_option` int(11) NOT NULL,
  `p_value` varchar(100) NOT NULL DEFAULT '',
  PRIMARY KEY (`id`)
) ENGINE=InnoDB AUTO_INCREMENT=8 DEFAULT CHARSET=utf8;
/*!40101 SET character_set_client = @saved_cs_client */;

--
-- Dumping data for table `products_options`
--

LOCK TABLES `products_options` WRITE;
/*!40000 ALTER TABLE `products_options` DISABLE KEYS */;
INSERT INTO `products_options` VALUES (1,1,1,'Azul'),(2,1,2,'23cm'),(3,1,4,'21'),(4,2,1,'Azul'),(5,2,2,'19cm'),(6,3,1,'Vermelho'),(7,3,2,'19cm');
/*!40000 ALTER TABLE `products_options` ENABLE KEYS */;
UNLOCK TABLES;

--
-- Table structure for table `purchase_transactions`
--

DROP TABLE IF EXISTS `purchase_transactions`;
/*!40101 SET @saved_cs_client     = @@character_set_client */;
 SET character_set_client = utf8mb4 ;
CREATE TABLE `purchase_transactions` (
  `id` int(11) unsigned NOT NULL AUTO_INCREMENT,
  `id_purchase` int(11) NOT NULL,
  `amount` float NOT NULL,
  `transaction_code` int(11) DEFAULT NULL,
  PRIMARY KEY (`id`)
) ENGINE=InnoDB DEFAULT CHARSET=utf8;
/*!40101 SET character_set_client = @saved_cs_client */;

--
-- Dumping data for table `purchase_transactions`
--

LOCK TABLES `purchase_transactions` WRITE;
/*!40000 ALTER TABLE `purchase_transactions` DISABLE KEYS */;
/*!40000 ALTER TABLE `purchase_transactions` ENABLE KEYS */;
UNLOCK TABLES;

--
-- Table structure for table `purchases`
--

DROP TABLE IF EXISTS `purchases`;
/*!40101 SET @saved_cs_client     = @@character_set_client */;
 SET character_set_client = utf8mb4 ;
CREATE TABLE `purchases` (
  `id` int(11) unsigned NOT NULL AUTO_INCREMENT,
  `id_user` int(11) NOT NULL,
  `id_coupon` int(11) DEFAULT NULL,
  `total_amount` float NOT NULL,
  `payment_type` int(11) DEFAULT NULL,
  `payment_status` int(11) NOT NULL,
  PRIMARY KEY (`id`)
) ENGINE=InnoDB DEFAULT CHARSET=utf8;
/*!40101 SET character_set_client = @saved_cs_client */;

--
-- Dumping data for table `purchases`
--

LOCK TABLES `purchases` WRITE;
/*!40000 ALTER TABLE `purchases` DISABLE KEYS */;
/*!40000 ALTER TABLE `purchases` ENABLE KEYS */;
UNLOCK TABLES;

--
-- Table structure for table `purchases_products`
--

DROP TABLE IF EXISTS `purchases_products`;
/*!40101 SET @saved_cs_client     = @@character_set_client */;
 SET character_set_client = utf8mb4 ;
CREATE TABLE `purchases_products` (
  `id` int(11) unsigned NOT NULL AUTO_INCREMENT,
  `id_purchase` int(11) NOT NULL,
  `id_product` int(11) NOT NULL,
  `quantity` int(11) NOT NULL,
  PRIMARY KEY (`id`)
) ENGINE=InnoDB DEFAULT CHARSET=utf8;
/*!40101 SET character_set_client = @saved_cs_client */;

--
-- Dumping data for table `purchases_products`
--

LOCK TABLES `purchases_products` WRITE;
/*!40000 ALTER TABLE `purchases_products` DISABLE KEYS */;
/*!40000 ALTER TABLE `purchases_products` ENABLE KEYS */;
UNLOCK TABLES;

--
-- Table structure for table `purchases_transactions`
--

DROP TABLE IF EXISTS `purchases_transactions`;
/*!40101 SET @saved_cs_client     = @@character_set_client */;
 SET character_set_client = utf8mb4 ;
CREATE TABLE `purchases_transactions` (
  `id` int(11) unsigned NOT NULL,
  `id_purchase` int(11) NOT NULL,
  `amount` float NOT NULL,
  `transaction_code` int(11) DEFAULT NULL,
  PRIMARY KEY (`id`)
) ENGINE=InnoDB DEFAULT CHARSET=utf8mb4 COLLATE=utf8mb4_0900_ai_ci;
/*!40101 SET character_set_client = @saved_cs_client */;

--
-- Dumping data for table `purchases_transactions`
--

LOCK TABLES `purchases_transactions` WRITE;
/*!40000 ALTER TABLE `purchases_transactions` DISABLE KEYS */;
/*!40000 ALTER TABLE `purchases_transactions` ENABLE KEYS */;
UNLOCK TABLES;

--
-- Table structure for table `rates`
--

DROP TABLE IF EXISTS `rates`;
/*!40101 SET @saved_cs_client     = @@character_set_client */;
 SET character_set_client = utf8mb4 ;
CREATE TABLE `rates` (
  `id` int(11) unsigned NOT NULL AUTO_INCREMENT,
  `id_product` int(11) NOT NULL,
  `id_user` int(11) NOT NULL,
  `date_rated` datetime NOT NULL,
  `points` int(11) NOT NULL,
  `comment` text,
  PRIMARY KEY (`id`)
) ENGINE=InnoDB DEFAULT CHARSET=utf8;
/*!40101 SET character_set_client = @saved_cs_client */;

--
-- Dumping data for table `rates`
--

LOCK TABLES `rates` WRITE;
/*!40000 ALTER TABLE `rates` DISABLE KEYS */;
/*!40000 ALTER TABLE `rates` ENABLE KEYS */;
UNLOCK TABLES;

--
-- Table structure for table `users`
--

DROP TABLE IF EXISTS `users`;
/*!40101 SET @saved_cs_client     = @@character_set_client */;
 SET character_set_client = utf8mb4 ;
CREATE TABLE `users` (
  `id` int(11) unsigned NOT NULL AUTO_INCREMENT,
  `email` varchar(100) NOT NULL DEFAULT '',
  `password` varchar(32) NOT NULL DEFAULT '',
  PRIMARY KEY (`id`)
) ENGINE=InnoDB DEFAULT CHARSET=utf8;
/*!40101 SET character_set_client = @saved_cs_client */;

--
-- Dumping data for table `users`
--

LOCK TABLES `users` WRITE;
/*!40000 ALTER TABLE `users` DISABLE KEYS */;
/*!40000 ALTER TABLE `users` ENABLE KEYS */;
UNLOCK TABLES;
/*!40103 SET TIME_ZONE=@OLD_TIME_ZONE */;

/*!40101 SET SQL_MODE=@OLD_SQL_MODE */;
/*!40014 SET FOREIGN_KEY_CHECKS=@OLD_FOREIGN_KEY_CHECKS */;
/*!40014 SET UNIQUE_CHECKS=@OLD_UNIQUE_CHECKS */;
/*!40101 SET CHARACTER_SET_CLIENT=@OLD_CHARACTER_SET_CLIENT */;
/*!40101 SET CHARACTER_SET_RESULTS=@OLD_CHARACTER_SET_RESULTS */;
/*!40101 SET COLLATION_CONNECTION=@OLD_COLLATION_CONNECTION */;
/*!40111 SET SQL_NOTES=@OLD_SQL_NOTES */;

-- Dump completed on 2018-09-19 20:07:33
